id,first_name,last_name,email
1,Elisabet,Baldazzi,ebaldazzi0@cdc.gov
2,Robinet,Petters,rpetters1@tuttocitta.it
3,Tracey,Jendrys,tjendrys2@ehow.com
4,Skyler,Giacomasso,sgiacomasso3@state.gov
5,Norah,O'Fallowne,nofallowne4@bloglovin.com
6,Lombard,Tomsett,ltomsett5@1und1.de
7,Phineas,Henderson,phenderson6@comcast.net
8,Misty,Lavrinov,mlavrinov7@cloudflare.com
9,Lyle,Weston,lweston8@java.com
10,Kamillah,Klementz,kklementz9@slate.com56,Thomas,Chen,tchen@gmail.com
56,Thomas,Chen,tchen@gmail.com
56,Thomas,Chen,tchen@gmail.com